Central Bank,Inflation Anchoring (30%),Policy Consistency (20%),Forecast Accuracy (20%),Bond Confidence (15%),FX Stability (15%),Total Score
BOJ,29.0,18.4,15.3,12.3,8.9,83.9
FED,24.5,18.6,16.4,9.1,15.0,83.6
ECB,26.0,19.1,13.7,9.7,13.3,81.8
SNB,27.0,6.2,17.4,12.4,12.3,75.3
BOE,20.0,10.0,16.2,12.7,12.9,71.80000000000001
PBOC,16.0,18.7,12.1,12.0,11.0,69.80000000000001
RBA,19.5,18.2,11.4,9.9,7.2,66.2
BOC,25.5,0.7,13.4,8.0,13.0,60.6
RBI,14.5,10.0,13.8,13.7,8.6,60.6
BCB,17.5,10.0,13.9,10.0,8.3,59.7
